filename,absolute_path,relative_path
transport_001_transport_sound.mp3,D:\application-programming-labs-2025\sounds\transport_001_transport_sound.mp3,sounds\transport_001_transport_sound.mp3
transport_002_transport_sound.mp3,D:\application-programming-labs-2025\sounds\transport_002_transport_sound.mp3,sounds\transport_002_transport_sound.mp3
transport_003_transport_sound.mp3,D:\application-programming-labs-2025\sounds\transport_003_transport_sound.mp3,sounds\transport_003_transport_sound.mp3
transport_004_transport_sound.mp3,D:\application-programming-labs-2025\sounds\transport_004_transport_sound.mp3,sounds\transport_004_transport_sound.mp3
transport_005_transport_sound.mp3,D:\application-programming-labs-2025\sounds\transport_005_transport_sound.mp3,sounds\transport_005_transport_sound.mp3
transport_006_transport_sound.mp3,D:\application-programming-labs-2025\sounds\transport_006_transport_sound.mp3,sounds\transport_006_transport_sound.mp3
transport_007_transport_sound.mp3,D:\application-programming-labs-2025\sounds\transport_007_transport_sound.mp3,sounds\transport_007_transport_sound.mp3
transport_008_transport_sound.mp3,D:\application-programming-labs-2025\sounds\transport_008_transport_sound.mp3,sounds\transport_008_transport_sound.mp3
transport_009_transport_sound.mp3,D:\application-programming-labs-2025\sounds\transport_009_transport_sound.mp3,sounds\transport_009_transport_sound.mp3
transport_010_transport_sound.mp3,D:\application-programming-labs-2025\sounds\transport_010_transport_sound.mp3,sounds\transport_010_transport_sound.mp3
transport_011_transport_sound.mp3,D:\application-programming-labs-2025\sounds\transport_011_transport_sound.mp3,sounds\transport_011_transport_sound.mp3
transport_012_transport_sound.mp3,D:\application-programming-labs-2025\sounds\transport_012_transport_sound.mp3,sounds\transport_012_transport_sound.mp3
transport_013_transport_sound.mp3,D:\application-programming-labs-2025\sounds\transport_013_transport_sound.mp3,sounds\transport_013_transport_sound.mp3
transport_014_transport_sound.mp3,D:\application-programming-labs-2025\sounds\transport_014_transport_sound.mp3,sounds\transport_014_transport_sound.mp3
transport_015_transport_sound.mp3,D:\application-programming-labs-2025\sounds\transport_015_transport_sound.mp3,sounds\transport_015_transport_sound.mp3
transport_016_transport_sound.mp3,D:\application-programming-labs-2025\sounds\transport_016_transport_sound.mp3,sounds\transport_016_transport_sound.mp3
transport_017_transport_sound.mp3,D:\application-programming-labs-2025\sounds\transport_017_transport_sound.mp3,sounds\transport_017_transport_sound.mp3
transport_018_transport_sound.mp3,D:\application-programming-labs-2025\sounds\transport_018_transport_sound.mp3,sounds\transport_018_transport_sound.mp3
transport_019_transport_sound.mp3,D:\application-programming-labs-2025\sounds\transport_019_transport_sound.mp3,sounds\transport_019_transport_sound.mp3
transport_020_transport_sound.mp3,D:\application-programming-labs-2025\sounds\transport_020_transport_sound.mp3,sounds\transport_020_transport_sound.mp3
transport_021_transport_sound.mp3,D:\application-programming-labs-2025\sounds\transport_021_transport_sound.mp3,sounds\transport_021_transport_sound.mp3
transport_022_transport_sound.mp3,D:\application-programming-labs-2025\sounds\transport_022_transport_sound.mp3,sounds\transport_022_transport_sound.mp3
transport_023_transport_sound.mp3,D:\application-programming-labs-2025\sounds\transport_023_transport_sound.mp3,sounds\transport_023_transport_sound.mp3
transport_024_transport_sound.mp3,D:\application-programming-labs-2025\sounds\transport_024_transport_sound.mp3,sounds\transport_024_transport_sound.mp3
transport_025_transport_sound.mp3,D:\application-programming-labs-2025\sounds\transport_025_transport_sound.mp3,sounds\transport_025_transport_sound.mp3
transport_026_transport_sound.mp3,D:\application-programming-labs-2025\sounds\transport_026_transport_sound.mp3,sounds\transport_026_transport_sound.mp3
transport_027_transport_sound.mp3,D:\application-programming-labs-2025\sounds\transport_027_transport_sound.mp3,sounds\transport_027_transport_sound.mp3
transport_028_transport_sound.mp3,D:\application-programming-labs-2025\sounds\transport_028_transport_sound.mp3,sounds\transport_028_transport_sound.mp3
transport_029_transport_sound.mp3,D:\application-programming-labs-2025\sounds\transport_029_transport_sound.mp3,sounds\transport_029_transport_sound.mp3
transport_030_transport_sound.mp3,D:\application-programming-labs-2025\sounds\transport_030_transport_sound.mp3,sounds\transport_030_transport_sound.mp3
transport_031_transport_sound.mp3,D:\application-programming-labs-2025\sounds\transport_031_transport_sound.mp3,sounds\transport_031_transport_sound.mp3
transport_032_transport_sound.mp3,D:\application-programming-labs-2025\sounds\transport_032_transport_sound.mp3,sounds\transport_032_transport_sound.mp3
transport_033_transport_sound.mp3,D:\application-programming-labs-2025\sounds\transport_033_transport_sound.mp3,sounds\transport_033_transport_sound.mp3
transport_034_transport_sound.mp3,D:\application-programming-labs-2025\sounds\transport_034_transport_sound.mp3,sounds\transport_034_transport_sound.mp3
transport_035_transport_sound.mp3,D:\application-programming-labs-2025\sounds\transport_035_transport_sound.mp3,sounds\transport_035_transport_sound.mp3
transport_036_transport_sound.mp3,D:\application-programming-labs-2025\sounds\transport_036_transport_sound.mp3,sounds\transport_036_transport_sound.mp3
transport_037_transport_sound.mp3,D:\application-programming-labs-2025\sounds\transport_037_transport_sound.mp3,sounds\transport_037_transport_sound.mp3
transport_038_transport_sound.mp3,D:\application-programming-labs-2025\sounds\transport_038_transport_sound.mp3,sounds\transport_038_transport_sound.mp3
transport_039_transport_sound.mp3,D:\application-programming-labs-2025\sounds\transport_039_transport_sound.mp3,sounds\transport_039_transport_sound.mp3
transport_040_transport_sound.mp3,D:\application-programming-labs-2025\sounds\transport_040_transport_sound.mp3,sounds\transport_040_transport_sound.mp3
transport_041_transport_sound.mp3,D:\application-programming-labs-2025\sounds\transport_041_transport_sound.mp3,sounds\transport_041_transport_sound.mp3
transport_042_transport_sound.mp3,D:\application-programming-labs-2025\sounds\transport_042_transport_sound.mp3,sounds\transport_042_transport_sound.mp3
transport_043_transport_sound.mp3,D:\application-programming-labs-2025\sounds\transport_043_transport_sound.mp3,sounds\transport_043_transport_sound.mp3
transport_044_transport_sound.mp3,D:\application-programming-labs-2025\sounds\transport_044_transport_sound.mp3,sounds\transport_044_transport_sound.mp3
transport_045_transport_sound.mp3,D:\application-programming-labs-2025\sounds\transport_045_transport_sound.mp3,sounds\transport_045_transport_sound.mp3
transport_046_transport_sound.mp3,D:\application-programming-labs-2025\sounds\transport_046_transport_sound.mp3,sounds\transport_046_transport_sound.mp3
transport_047_transport_sound.mp3,D:\application-programming-labs-2025\sounds\transport_047_transport_sound.mp3,sounds\transport_047_transport_sound.mp3
transport_048_transport_sound.mp3,D:\application-programming-labs-2025\sounds\transport_048_transport_sound.mp3,sounds\transport_048_transport_sound.mp3
transport_049_transport_sound.mp3,D:\application-programming-labs-2025\sounds\transport_049_transport_sound.mp3,sounds\transport_049_transport_sound.mp3
transport_050_transport_sound.mp3,D:\application-programming-labs-2025\sounds\transport_050_transport_sound.mp3,sounds\transport_050_transport_sound.mp3
transport_051_transport_sound.mp3,D:\application-programming-labs-2025\sounds\transport_051_transport_sound.mp3,sounds\transport_051_transport_sound.mp3
transport_052_transport_sound.mp3,D:\application-programming-labs-2025\sounds\transport_052_transport_sound.mp3,sounds\transport_052_transport_sound.mp3
transport_053_transport_sound.mp3,D:\application-programming-labs-2025\sounds\transport_053_transport_sound.mp3,sounds\transport_053_transport_sound.mp3
transport_054_transport_sound.mp3,D:\application-programming-labs-2025\sounds\transport_054_transport_sound.mp3,sounds\transport_054_transport_sound.mp3
transport_055_transport_sound.mp3,D:\application-programming-labs-2025\sounds\transport_055_transport_sound.mp3,sounds\transport_055_transport_sound.mp3
transport_056_transport_sound.mp3,D:\application-programming-labs-2025\sounds\transport_056_transport_sound.mp3,sounds\transport_056_transport_sound.mp3
transport_057_transport_sound.mp3,D:\application-programming-labs-2025\sounds\transport_057_transport_sound.mp3,sounds\transport_057_transport_sound.mp3
