audio_name,absolute_file_path,relative_file_path,duration,sample_rate,total_samples,min_amplitude_abs,max_amplitude_abs,mean_amplitude_abs,median_amplitude_abs,std_amplitude_abs,rms_amplitude,p01_amplitude,p05_amplitude,p10_amplitude,p25_amplitude,p50_amplitude,p75_amplitude,p90_amplitude,p95_amplitude,p99_amplitude,dynamic_range_db,crest_factor,min_amplitude
transport_001_transport_sound.mp3,D:\application-programming-labs-2025\sounds\transport_001_transport_sound.mp3,sounds\transport_001_transport_sound.mp3,0.558,44100,24607,0.0,0.724181,0.056293,0.002176,0.11843961,0.131137,0.0,0.0,0.0,2.52e-06,0.00217593,0.03288904,0.22400767,0.3465362,0.53284174,197.2,5.52,0.0
transport_002_transport_sound.mp3,D:\application-programming-labs-2025\sounds\transport_002_transport_sound.mp3,sounds\transport_002_transport_sound.mp3,0.558,44100,24607,0.0,0.724181,0.056293,0.002176,0.11843961,0.131137,0.0,0.0,0.0,2.52e-06,0.00217593,0.03288904,0.22400767,0.3465362,0.53284174,197.2,5.52,0.0
transport_003_transport_sound.mp3,D:\application-programming-labs-2025\sounds\transport_003_transport_sound.mp3,sounds\transport_003_transport_sound.mp3,0.158,44100,6959,2e-08,0.005215,0.000913,0.000735,0.00075786,0.001186,4.21e-06,3.53e-05,0.00010372,0.00030478,0.00073518,0.00134262,0.00198603,0.00241528,0.00317818,107.98,4.4,2e-08
transport_004_transport_sound.mp3,D:\application-programming-labs-2025\sounds\transport_004_transport_sound.mp3,sounds\transport_004_transport_sound.mp3,14.0,44100,617400,0.0,0.82522,0.095984,0.062056,0.10820699,0.144643,0.0,0.0,0.0,0.00037008,0.06205622,0.15222397,0.24959297,0.31605777,0.44725955,198.33,5.71,0.0
transport_005_transport_sound.mp3,D:\application-programming-labs-2025\sounds\transport_005_transport_sound.mp3,sounds\transport_005_transport_sound.mp3,23.892,44100,1053637,0.0,0.98234,0.04134,0.030535,0.04002218,0.05754,0.00010727,0.00185741,0.00437896,0.01283285,0.03053479,0.0582156,0.09175916,0.11598623,0.17417622,199.85,17.07,0.0
transport_006_transport_sound.mp3,D:\application-programming-labs-2025\sounds\transport_006_transport_sound.mp3,sounds\transport_006_transport_sound.mp3,0.918,44100,40484,0.0,0.760602,0.074952,0.017391,0.12314063,0.144158,0.0,0.0,0.0,0.00038929,0.01739088,0.09084334,0.2534111,0.3532205,0.5414066,197.62,5.28,0.0
transport_007_transport_sound.mp3,D:\application-programming-labs-2025\sounds\transport_007_transport_sound.mp3,sounds\transport_007_transport_sound.mp3,10.463,44100,461399,2e-08,0.7585,0.059014,0.041861,0.06295725,0.086292,0.00035984,0.00178384,0.00411438,0.01564834,0.04186066,0.08019483,0.1335983,0.1763721,0.29329234,153.42,8.79,2e-08
transport_008_transport_sound.mp3,D:\application-programming-labs-2025\sounds\transport_008_transport_sound.mp3,sounds\transport_008_transport_sound.mp3,9.756,44100,430241,0.0,0.845641,0.051747,0.011933,0.09059833,0.104335,1.11e-06,1.322e-05,5.605e-05,0.00071301,0.0119335,0.06138327,0.15375099,0.24029106,0.44657627,198.54,8.11,0.0
transport_009_transport_sound.mp3,D:\application-programming-labs-2025\sounds\transport_009_transport_sound.mp3,sounds\transport_009_transport_sound.mp3,4.034,44100,177879,0.0,0.834232,0.025385,0.001482,0.06389166,0.06875,2.17e-06,1.044e-05,2.084e-05,8.433e-05,0.00148156,0.01723337,0.07225816,0.1441124,0.3349124,175.53,12.13,0.0
transport_010_transport_sound.mp3,D:\application-programming-labs-2025\sounds\transport_010_transport_sound.mp3,sounds\transport_010_transport_sound.mp3,0.66,44100,29105,0.0,0.70576,0.06998,0.005544,0.11762795,0.136871,0.0,0.0,0.0,0.00014331,0.00554401,0.09873385,0.25500003,0.33595583,0.48244387,196.97,5.16,0.0
transport_011_transport_sound.mp3,D:\application-programming-labs-2025\sounds\transport_011_transport_sound.mp3,sounds\transport_011_transport_sound.mp3,0.711,44100,31355,0.0,0.997004,0.055412,0.008788,0.14312021,0.153473,0.0,0.0,0.0,0.00044887,0.00878772,0.025975,0.10198091,0.42030865,0.673872,199.97,6.5,0.0
transport_012_transport_sound.mp3,D:\application-programming-labs-2025\sounds\transport_012_transport_sound.mp3,sounds\transport_012_transport_sound.mp3,39.632,44100,1747757,1.3e-07,0.820532,0.085627,0.068385,0.0714949,0.11155,0.00124634,0.00624782,0.01247022,0.03177192,0.0683847,0.1207277,0.18120596,0.22388197,0.31992745,136.04,7.36,1.3e-07
transport_013_transport_sound.mp3,D:\application-programming-labs-2025\sounds\transport_013_transport_sound.mp3,sounds\transport_013_transport_sound.mp3,0.525,44100,23152,0.0,0.703862,0.093868,0.012829,0.1355618,0.164889,0.0,0.0,0.0,1.12e-06,0.0128291,0.15554821,0.31408462,0.3859914,0.5253216,196.95,4.27,0.0
transport_014_transport_sound.mp3,D:\application-programming-labs-2025\sounds\transport_014_transport_sound.mp3,sounds\transport_014_transport_sound.mp3,12.702,44100,560158,0.0,1.035666,0.143348,0.062997,0.1982981,0.244685,0.0,0.0,1e-08,0.00656164,0.06299723,0.19599023,0.40058228,0.6113448,0.8883808,200.3,4.23,0.0
transport_015_transport_sound.mp3,D:\application-programming-labs-2025\sounds\transport_015_transport_sound.mp3,sounds\transport_015_transport_sound.mp3,10.704,44100,472025,0.0,0.897481,0.059266,0.0329,0.06871415,0.090742,1.432e-05,0.00052922,0.0021371,0.0103175,0.03289977,0.08611652,0.15426451,0.2002728,0.30273813,170.95,9.89,0.0
transport_016_transport_sound.mp3,D:\application-programming-labs-2025\sounds\transport_016_transport_sound.mp3,sounds\transport_016_transport_sound.mp3,2.734,44100,120590,1e-08,0.970848,0.083249,0.059322,0.08226012,0.117035,0.00028208,0.00347843,0.00815249,0.0244382,0.05932194,0.11491546,0.18925264,0.2477918,0.38174507,158.85,8.3,1e-08
transport_017_transport_sound.mp3,D:\application-programming-labs-2025\sounds\transport_017_transport_sound.mp3,sounds\transport_017_transport_sound.mp3,4.541,44100,200266,2e-08,0.967779,0.014524,0.003533,0.06244094,0.064108,7.91e-06,0.00011832,0.00037426,0.00139443,0.0035333,0.00795015,0.01911372,0.03885281,0.27342474,154.19,15.1,2e-08
transport_018_transport_sound.mp3,D:\application-programming-labs-2025\sounds\transport_018_transport_sound.mp3,sounds\transport_018_transport_sound.mp3,1.159,44100,51130,0.0,0.50564,0.012715,0.001998,0.02997572,0.032561,5.5e-07,2.85e-06,8.23e-06,4.247e-05,0.0019979,0.01075398,0.03369788,0.06416332,0.15638076,194.08,15.53,0.0
transport_019_transport_sound.mp3,D:\application-programming-labs-2025\sounds\transport_019_transport_sound.mp3,sounds\transport_019_transport_sound.mp3,2.553,44100,112596,0.0,0.717009,0.016793,0.000726,0.04608267,0.049047,0.0,0.0,5.6e-07,5.681e-05,0.00072589,0.00769029,0.04889058,0.09927252,0.2399925,197.11,14.62,0.0
transport_020_transport_sound.mp3,D:\application-programming-labs-2025\sounds\transport_020_transport_sound.mp3,sounds\transport_020_transport_sound.mp3,4.773,44100,210489,0.0,0.878963,0.053047,0.025478,0.0705644,0.08828,0.0,0.0001136,0.00072167,0.0055051,0.02547817,0.07332988,0.14349294,0.20156299,0.32380995,198.88,9.96,0.0
transport_021_transport_sound.mp3,D:\application-programming-labs-2025\sounds\transport_021_transport_sound.mp3,sounds\transport_021_transport_sound.mp3,34.399,44100,1517017,0.0,0.93688,0.196438,0.151983,0.16388956,0.255828,0.00085953,0.00870182,0.02149808,0.06339352,0.15198317,0.30009887,0.4451934,0.5194317,0.64746106,166.01,3.66,0.0
transport_022_transport_sound.mp3,D:\application-programming-labs-2025\sounds\transport_022_transport_sound.mp3,sounds\transport_022_transport_sound.mp3,0.957,44100,42203,0.0,0.473182,0.083842,0.05688,0.08701783,0.120837,0.0,0.0,0.0,0.00691897,0.05688008,0.13737163,0.21204735,0.25420022,0.3475892,193.5,3.92,0.0
transport_023_transport_sound.mp3,D:\application-programming-labs-2025\sounds\transport_023_transport_sound.mp3,sounds\transport_023_transport_sound.mp3,1.509,44100,66546,0.0,0.452295,0.017807,0.000584,0.0431591,0.046688,0.0,0.0,2.52e-06,0.00014271,0.00058352,0.00793278,0.0631809,0.1138664,0.21252052,193.11,9.69,0.0
transport_024_transport_sound.mp3,D:\application-programming-labs-2025\sounds\transport_024_transport_sound.mp3,sounds\transport_024_transport_sound.mp3,2.805,44100,123696,7e-08,0.752794,0.027009,0.00156,0.06392829,0.0694,2.503e-05,0.00011716,0.0001889,0.00024536,0.00156012,0.01857352,0.0830132,0.15637594,0.32691678,140.18,10.85,7e-08
transport_025_transport_sound.mp3,D:\application-programming-labs-2025\sounds\transport_025_transport_sound.mp3,sounds\transport_025_transport_sound.mp3,4.935,44100,217633,0.0,0.82703,0.029566,0.016704,0.04672326,0.055292,0.0,0.00034271,0.0015587,0.00640494,0.01670439,0.0331312,0.06134634,0.10527492,0.24793658,198.35,14.96,0.0
transport_026_transport_sound.mp3,D:\application-programming-labs-2025\sounds\transport_026_transport_sound.mp3,sounds\transport_026_transport_sound.mp3,11.0,44100,485100,0.0,0.670137,0.034445,0.01111,0.0586583,0.068024,0.0,2.1e-07,1.38e-06,4.312e-05,0.01111014,0.04045515,0.10066038,0.15733011,0.2848526,196.52,9.85,0.0
transport_027_transport_sound.mp3,D:\application-programming-labs-2025\sounds\transport_027_transport_sound.mp3,sounds\transport_027_transport_sound.mp3,2.553,44100,112586,0.0,0.454149,0.018981,0.003779,0.04387358,0.047803,0.0,1.7e-07,4.771e-05,0.00045431,0.0037789,0.01750717,0.04706307,0.07845048,0.23718879,193.14,9.5,0.0
transport_028_transport_sound.mp3,D:\application-programming-labs-2025\sounds\transport_028_transport_sound.mp3,sounds\transport_028_transport_sound.mp3,7.228,44100,318763,0.0,0.879128,0.073936,0.009531,0.131897,0.151206,9.55e-06,4.418e-05,9.152e-05,0.00055341,0.00953057,0.08129953,0.27065206,0.38033405,0.58800226,188.11,5.81,0.0
transport_029_transport_sound.mp3,D:\application-programming-labs-2025\sounds\transport_029_transport_sound.mp3,sounds\transport_029_transport_sound.mp3,2.423,44100,106835,0.0,0.861187,0.020916,0.005303,0.03911092,0.044352,9.57e-06,0.00010593,0.00027832,0.00120537,0.00530328,0.02289876,0.06140128,0.09472649,0.17667247,167.36,19.42,0.0
transport_030_transport_sound.mp3,D:\application-programming-labs-2025\sounds\transport_030_transport_sound.mp3,sounds\transport_030_transport_sound.mp3,1.715,44100,75649,0.0,0.891198,0.026976,0.008396,0.05343694,0.05986,1.67e-06,9.25e-06,2.041e-05,0.00108346,0.00839576,0.03016346,0.06938956,0.10910109,0.27901915,173.89,14.89,0.0
transport_031_transport_sound.mp3,D:\application-programming-labs-2025\sounds\transport_031_transport_sound.mp3,sounds\transport_031_transport_sound.mp3,164.524,44100,7255501,0.0,0.713454,0.035354,0.027477,0.03240477,0.047958,0.00038544,0.00232758,0.00483618,0.012659,0.02747657,0.04873677,0.07414694,0.0939255,0.14839917,188.61,14.88,0.0
transport_032_transport_sound.mp3,D:\application-programming-labs-2025\sounds\transport_032_transport_sound.mp3,sounds\transport_032_transport_sound.mp3,1.155,44100,50939,0.0,0.855362,0.014098,2e-05,0.04049947,0.042883,0.0,0.0,0.0,0.0,1.984e-05,0.00992798,0.03583691,0.07225022,0.20156048,198.64,19.95,0.0
transport_033_transport_sound.mp3,D:\application-programming-labs-2025\sounds\transport_033_transport_sound.mp3,sounds\transport_033_transport_sound.mp3,1.195,44100,52706,0.0,0.871958,0.059487,0.001457,0.11801782,0.132162,0.0,0.0,0.0,0.0,0.00145668,0.06300434,0.20426203,0.33047718,0.5570465,198.81,6.6,0.0
transport_034_transport_sound.mp3,D:\application-programming-labs-2025\sounds\transport_034_transport_sound.mp3,sounds\transport_034_transport_sound.mp3,2.805,44100,123696,7e-08,0.752794,0.027009,0.00156,0.06392829,0.0694,2.503e-05,0.00011716,0.0001889,0.00024536,0.00156012,0.01857352,0.0830132,0.15637594,0.32691678,140.18,10.85,7e-08
transport_035_transport_sound.mp3,D:\application-programming-labs-2025\sounds\transport_035_transport_sound.mp3,sounds\transport_035_transport_sound.mp3,11.0,44100,485100,0.0,0.670137,0.034445,0.01111,0.0586583,0.068024,0.0,2.1e-07,1.38e-06,4.312e-05,0.01111014,0.04045515,0.10066038,0.15733011,0.2848526,196.52,9.85,0.0
transport_036_transport_sound.mp3,D:\application-programming-labs-2025\sounds\transport_036_transport_sound.mp3,sounds\transport_036_transport_sound.mp3,19.806,44100,873445,0.0,0.837607,0.193119,0.115611,0.194976,0.274428,0.00017535,0.00488919,0.0119434,0.03812067,0.11561085,0.3032656,0.50343627,0.6118322,0.74153835,198.46,3.05,0.0
transport_037_transport_sound.mp3,D:\application-programming-labs-2025\sounds\transport_037_transport_sound.mp3,sounds\transport_037_transport_sound.mp3,7.362,44100,324664,0.0,0.891808,0.043069,0.011201,0.09173578,0.101343,0.0,0.00019461,0.0006799,0.00289082,0.01120121,0.03652476,0.1100706,0.20269364,0.5222419,199.01,8.8,0.0
transport_038_transport_sound.mp3,D:\application-programming-labs-2025\sounds\transport_038_transport_sound.mp3,sounds\transport_038_transport_sound.mp3,14.94,44100,658853,0.0,0.829392,0.14147,0.092335,0.14295352,0.20112,1.67e-06,0.00279759,0.00705768,0.02543972,0.09233467,0.22166745,0.34729993,0.43636787,0.5871604,198.38,4.12,0.0
transport_039_transport_sound.mp3,D:\application-programming-labs-2025\sounds\transport_039_transport_sound.mp3,sounds\transport_039_transport_sound.mp3,19.115,44100,842957,1e-08,0.831413,0.054575,0.02614,0.07670564,0.094139,0.00010739,0.0008003,0.00202998,0.00761856,0.02613977,0.0657935,0.14792685,0.21749374,0.36896577,160.8,8.83,1e-08
transport_040_transport_sound.mp3,D:\application-programming-labs-2025\sounds\transport_040_transport_sound.mp3,sounds\transport_040_transport_sound.mp3,14.082,44100,621015,0.0,0.560681,0.061046,0.033476,0.07397403,0.09591,1.2e-07,0.00161349,0.00413277,0.01307661,0.03347624,0.07811152,0.16024855,0.22579104,0.34235585,194.97,5.85,0.0
transport_041_transport_sound.mp3,D:\application-programming-labs-2025\sounds\transport_041_transport_sound.mp3,sounds\transport_041_transport_sound.mp3,5.547,44100,244622,0.0,0.756427,0.174476,0.139435,0.14595339,0.227474,0.0,0.00485879,0.01810319,0.06082024,0.139435,0.24792983,0.39110097,0.48382568,0.6062142,197.58,3.33,0.0
transport_042_transport_sound.mp3,D:\application-programming-labs-2025\sounds\transport_042_transport_sound.mp3,sounds\transport_042_transport_sound.mp3,6.075,44100,267907,0.0,0.618019,0.021488,0.013547,0.02781476,0.035148,0.0,0.00039323,0.00139697,0.00492712,0.01354678,0.02881536,0.04804237,0.06514419,0.12897737,195.82,17.58,0.0
transport_043_transport_sound.mp3,D:\application-programming-labs-2025\sounds\transport_043_transport_sound.mp3,sounds\transport_043_transport_sound.mp3,8.76,44100,386315,0.0,0.188425,0.02137,0.014457,0.02108873,0.030024,0.0,0.00040367,0.00127469,0.00488496,0.01445734,0.03211057,0.05238914,0.06486318,0.08713727,185.5,6.28,0.0
transport_044_transport_sound.mp3,D:\application-programming-labs-2025\sounds\transport_044_transport_sound.mp3,sounds\transport_044_transport_sound.mp3,9.219,44100,406558,0.0,0.735282,0.170895,0.153242,0.11906576,0.208283,0.0,0.00948654,0.02652082,0.07606038,0.15324157,0.24716318,0.3380124,0.39588457,0.48983923,197.33,3.53,0.0
transport_045_transport_sound.mp3,D:\application-programming-labs-2025\sounds\transport_045_transport_sound.mp3,sounds\transport_045_transport_sound.mp3,3.513,44100,154923,0.0,0.819296,0.080772,0.062106,0.07480758,0.110092,0.0,0.00024143,0.00532026,0.02490086,0.06210551,0.11552022,0.17892672,0.22584099,0.33622772,198.27,7.44,0.0
transport_046_transport_sound.mp3,D:\application-programming-labs-2025\sounds\transport_046_transport_sound.mp3,sounds\transport_046_transport_sound.mp3,12.277,44100,541431,0.0,0.858766,0.05201,0.026128,0.06870257,0.086169,3.99e-06,9.174e-05,0.00062082,0.00548014,0.02612819,0.0725217,0.1387943,0.19063774,0.30895567,174.07,9.97,0.0
transport_047_transport_sound.mp3,D:\application-programming-labs-2025\sounds\transport_047_transport_sound.mp3,sounds\transport_047_transport_sound.mp3,2.676,44100,118011,0.0,0.097406,0.012723,0.007246,0.01505227,0.019709,0.0,1.5e-07,0.00053614,0.00279725,0.00724599,0.01599606,0.03452308,0.04680818,0.06744756,179.77,4.94,0.0
transport_048_transport_sound.mp3,D:\application-programming-labs-2025\sounds\transport_048_transport_sound.mp3,sounds\transport_048_transport_sound.mp3,7.347,44100,324002,0.0,0.550761,0.116687,0.097652,0.09431167,0.150035,0.0,0.00376977,0.01216126,0.04047219,0.09765168,0.1705458,0.2475427,0.30262098,0.40205583,194.82,3.67,0.0
transport_049_transport_sound.mp3,D:\application-programming-labs-2025\sounds\transport_049_transport_sound.mp3,sounds\transport_049_transport_sound.mp3,1.74,44100,76734,0.0,0.64413,0.111348,0.094648,0.09382217,0.145605,0.0,0.0,0.00047803,0.03035444,0.09464782,0.1720333,0.24572027,0.28955755,0.3655854,196.18,4.42,0.0
transport_050_transport_sound.mp3,D:\application-programming-labs-2025\sounds\transport_050_transport_sound.mp3,sounds\transport_050_transport_sound.mp3,14.205,44100,626440,0.0,0.478805,0.119408,0.099438,0.09179223,0.150613,7.9e-07,0.00767392,0.01792014,0.04713312,0.09943761,0.17144534,0.25613594,0.30912295,0.374022,193.6,3.18,0.0
transport_051_transport_sound.mp3,D:\application-programming-labs-2025\sounds\transport_051_transport_sound.mp3,sounds\transport_051_transport_sound.mp3,5.018,44100,221298,0.0,0.852364,0.013679,0.000104,0.0395722,0.04187,4.7e-07,2.37e-06,5.02e-06,1.487e-05,0.00010381,0.00576442,0.03852686,0.08235495,0.20870627,197.03,20.36,0.0
transport_052_transport_sound.mp3,D:\application-programming-labs-2025\sounds\transport_052_transport_sound.mp3,sounds\transport_052_transport_sound.mp3,15.429,44100,680419,0.0,0.454448,0.035339,0.026476,0.03375389,0.048869,2.526e-05,0.00199158,0.00446918,0.01203168,0.02647594,0.04799732,0.07545716,0.09873457,0.16275394,193.15,9.3,0.0
transport_053_transport_sound.mp3,D:\application-programming-labs-2025\sounds\transport_053_transport_sound.mp3,sounds\transport_053_transport_sound.mp3,11.172,44100,492684,0.0,0.820524,0.086469,0.072765,0.06816002,0.110103,0.0,0.00440213,0.01128202,0.03254946,0.07276505,0.12698707,0.18044284,0.20985813,0.27626973,198.28,7.45,0.0
transport_054_transport_sound.mp3,D:\application-programming-labs-2025\sounds\transport_054_transport_sound.mp3,sounds\transport_054_transport_sound.mp3,1.287,44100,56757,0.0,0.657518,0.052885,0.019329,0.07714645,0.093533,0.0,0.0,2.2e-07,0.00270279,0.01932856,0.06917764,0.16205923,0.22663338,0.33477023,196.36,7.03,0.0
transport_055_transport_sound.mp3,D:\application-programming-labs-2025\sounds\transport_055_transport_sound.mp3,sounds\transport_055_transport_sound.mp3,19.68,44100,867887,0.0,0.363542,0.031528,0.020085,0.03370036,0.046149,1.965e-05,0.00045798,0.00135578,0.00614785,0.020085,0.0465858,0.07789538,0.0995749,0.14766191,191.21,7.88,0.0
transport_056_transport_sound.mp3,D:\application-programming-labs-2025\sounds\transport_056_transport_sound.mp3,sounds\transport_056_transport_sound.mp3,22.362,44100,986164,0.0,0.946046,0.089413,0.071526,0.07649491,0.117669,0.00025432,0.00454906,0.01071451,0.0312696,0.07152592,0.12767601,0.19069722,0.2352572,0.33421382,199.52,8.04,0.0
transport_057_transport_sound.mp3,D:\application-programming-labs-2025\sounds\transport_057_transport_sound.mp3,sounds\transport_057_transport_sound.mp3,8.361,44100,368720,0.0,0.815234,0.107266,0.093264,0.0805333,0.134133,0.0,0.00511486,0.01470838,0.04370722,0.09326447,0.1555854,0.2169875,0.2552859,0.34286553,198.23,6.08,0.0
